-- MySQL Script generated by MySQL Workbench
-- Sun Jan 12 18:23:07 2025
-- Model: New Model    Version: 1.0
-- MySQL Workbench Forward Engineering

SET @OLD_UNIQUE_CHECKS=@@UNIQUE_CHECKS, UNIQUE_CHECKS=0;
SET @OLD_FOREIGN_KEY_CHECKS=@@FOREIGN_KEY_CHECKS, FOREIGN_KEY_CHECKS=0;
SET @OLD_SQL_MODE=@@SQL_MODE, SQL_MODE='ONLY_FULL_GROUP_BY,STRICT_TRANS_TABLES,NO_ZERO_IN_DATE,NO_ZERO_DATE,ERROR_FOR_DIVISION_BY_ZERO,NO_ENGINE_SUBSTITUTION';

-- -----------------------------------------------------
-- Schema mydb
-- -----------------------------------------------------
DROP SCHEMA IF EXISTS `mydb` ;

-- -----------------------------------------------------
-- Schema mydb
-- -----------------------------------------------------
CREATE SCHEMA IF NOT EXISTS `mydb` DEFAULT CHARACTER SET utf8 ;
USE `mydb` ;

-- -----------------------------------------------------
-- Table `mydb`.`Direcciones`
-- -----------------------------------------------------
DROP TABLE IF EXISTS `mydb`.`Direcciones` ;

CREATE TABLE IF NOT EXISTS `mydb`.`Direcciones` (
  `id_direccion` INT NOT NULL AUTO_INCREMENT,
  `tipo_via` VARCHAR(45) NOT NULL,
  `nombre` VARCHAR(45) NOT NULL,
  `numero` INT NULL,
  `piso` INT NULL,
  `puerta` VARCHAR(45) NULL,
  `ciudad` VARCHAR(45) NOT NULL,
  `codigo_postal` VARCHAR(30) NOT NULL,
  `pais` VARCHAR(45) NOT NULL,
  PRIMARY KEY (`id_direccion`))
ENGINE = InnoDB;


-- -----------------------------------------------------
-- Table `mydb`.`Proveedor`
-- -----------------------------------------------------
DROP TABLE IF EXISTS `mydb`.`Proveedor` ;

CREATE TABLE IF NOT EXISTS `mydb`.`Proveedor` (
  `id` INT NOT NULL AUTO_INCREMENT,
  `nombre` VARCHAR(45) NOT NULL,
  `id_direccion` INT NULL,
  `telefono` INT NOT NULL,
  `FAX` INT NULL,
  `NIF` VARCHAR(45) NOT NULL,
  PRIMARY KEY (`id`),
  UNIQUE INDEX `NIF_UNIQUE` (`NIF` ASC),
  INDEX `id_direccion_idx` (`id_direccion` ASC),
  CONSTRAINT `fk_id_direccion`
    FOREIGN KEY (`id_direccion`)
    REFERENCES `mydb`.`Direcciones` (`id_direccion`)
    ON DELETE NO ACTION
    ON UPDATE NO ACTION)
ENGINE = InnoDB;


-- -----------------------------------------------------
-- Table `mydb`.`Gafas`
-- -----------------------------------------------------
DROP TABLE IF EXISTS `mydb`.`Gafas` ;

CREATE TABLE IF NOT EXISTS `mydb`.`Gafas` (
  `idGafas` INT NOT NULL AUTO_INCREMENT,
  `marca` VARCHAR(45) NOT NULL,
  `grad_izq` DECIMAL(4,2) NULL,
  `grad_dcha` DECIMAL(4,2) NULL,
  `montura` VARCHAR(45) NOT NULL,
  `color_montura` VARCHAR(45) NOT NULL,
  `color_vidrio_dcho` VARCHAR(45) NOT NULL,
  `color_vidrio_izq` VARCHAR(45) NOT NULL,
  `precio` DECIMAL(8,2) NOT NULL,
  `id_proveedor` INT NOT NULL,
  PRIMARY KEY (`idGafas`),
  INDEX `id_proveedor_idx` (`id_proveedor` ASC),
  CONSTRAINT `fk_id_proveedor`
    FOREIGN KEY (`id_proveedor`)
    REFERENCES `mydb`.`Proveedor` (`id`)
    ON DELETE NO ACTION
    ON UPDATE NO ACTION)
ENGINE = InnoDB;


-- -----------------------------------------------------
-- Table `mydb`.`Clientes`
-- -----------------------------------------------------
DROP TABLE IF EXISTS `mydb`.`Clientes` ;

CREATE TABLE IF NOT EXISTS `mydb`.`Clientes` (
  `idCliente` INT NOT NULL AUTO_INCREMENT,
  `nombre` VARCHAR(45) NOT NULL,
  `apellido1` VARCHAR(45) NOT NULL,
  `id_direccion` INT NOT NULL,
  `email` VARCHAR(45) NOT NULL,
  `fecha_registro` DATE NOT NULL,
  `id_cliente_recomendado` INT NULL,
  PRIMARY KEY (`idCliente`),
  INDEX `id_cliente_recomendado_idx` (`id_cliente_recomendado` ASC),
  INDEX `id_direccion_idx` (`id_direccion` ASC) ,
  UNIQUE INDEX `email_UNIQUE` (`email` ASC),
  CONSTRAINT `fk_id_cliente_recomendado`
    FOREIGN KEY (`id_cliente_recomendado`)
    REFERENCES `mydb`.`Clientes` (`idCliente`)
    ON DELETE NO ACTION
    ON UPDATE NO ACTION,
  CONSTRAINT `fkey_id_direccion`
    FOREIGN KEY (`id_direccion`)
    REFERENCES `mydb`.`Direcciones` (`id_direccion`)
    ON DELETE NO ACTION
    ON UPDATE NO ACTION)
ENGINE = InnoDB;


-- -----------------------------------------------------
-- Table `mydb`.`Empleado`
-- -----------------------------------------------------
DROP TABLE IF EXISTS `mydb`.`Empleado` ;

CREATE TABLE IF NOT EXISTS `mydb`.`Empleado` (
  `idEmpleado` INT NULL AUTO_INCREMENT,
  `nombre` VARCHAR(45) NOT NULL,
  `apellido1` VARCHAR(45) NOT NULL,
  PRIMARY KEY (`idEmpleado`),
  UNIQUE INDEX `idEmpleado_UNIQUE` (`idEmpleado` ASC))
ENGINE = InnoDB;


-- -----------------------------------------------------
-- Table `mydb`.`Compra`
-- -----------------------------------------------------
DROP TABLE IF EXISTS `mydb`.`Compra` ;

CREATE TABLE IF NOT EXISTS `mydb`.`Compra` (
  `id_gafa` INT NOT NULL,
  `id_cliente` INT NOT NULL,
  `id_empleado` INT NOT NULL,
  `fecha_compra` DATE NOT NULL,
  UNIQUE INDEX `fecha_compra_UNIQUE` (`fecha_compra` ASC),
  INDEX `id_gafa_idx` (`id_gafa` ASC) ,
  INDEX `id_cliente_idx` (`id_cliente` ASC) ,
  INDEX `id_empleado_idx` (`id_empleado` ASC) ,
  CONSTRAINT `fk_id_gafa`
    FOREIGN KEY (`id_gafa`)
    REFERENCES `mydb`.`Gafas` (`idGafas`)
    ON DELETE NO ACTION
    ON UPDATE NO ACTION,
  CONSTRAINT `fkey_id_cliente`
    FOREIGN KEY (`id_cliente`)
    REFERENCES `mydb`.`Clientes` (`idCliente`)
    ON DELETE NO ACTION
    ON UPDATE NO ACTION,
  CONSTRAINT `fk_id_empleado`
    FOREIGN KEY (`id_empleado`)
    REFERENCES `mydb`.`Empleado` (`idEmpleado`)
    ON DELETE NO ACTION
    ON UPDATE NO ACTION)
ENGINE = InnoDB;

INSERT INTO Direcciones VALUES (1, 'Carrer', 'de l´Oblit', 4, 2,NULL, 'Barcelona','08002','España');
INSERT INTO Direcciones VALUES(2, 'Calle', ' Josep Tarradellas', 123, NULL, NULL, 'Hospitalet de LLobregat', '08902', 'España');
INSERT INTO Direcciones VALUES(3, 'Rue', 'de la liberté', 80, 3, NULL, 'Lille', '4321XV','Francia');
INSERT INTO Direcciones VALUES (4, 'Via', 'Matteo di Ronza', 2, 10, '1', 'Pescara','UY4567','Italia');
INSERT INTO Direcciones VALUES (5, 'Passeig', 'Catalunya', 36, 4, '2',' Girona', '08567', 'España');
INSERT INTO Direcciones VALUES (6, 'Calle', 'Carlos III', 234, 2, 'B', 'Sabadell', '08965', 'España');
INSERT INTO Direcciones VALUES (7, 'Calle', 'Río Tajo', 12, 3, 'C', 'Barcelona','08675', 'España');
INSERT INTO Direcciones VALUES (8, 'Plaça', 'Maragall', 5, 3, NULL, 'Barcelona', '08901', 'España');
INSERT INTO Direcciones VALUES (9, 'Carrer', ' de París', 60, 4, NULL, 'Mollins de Rei', '08345', 'España');
INSERT INTO Direcciones VALUES (10, 'Via', 'Vito Corleone', 23, 5, 'C', 'Caserta', '9534WE', 'Italia');

INSERT INTO Proveedor VALUES (1, 'Gafas Martínez SL', 1, 625346789, NULL, '0435621D');
INSERT INTO Proveedor VALUES (2, 'Ulleres Vals SA', 2, 675764512, NULL, '0800113A');
INSERT INTO Proveedor VALUES (3, 'Cristalli e Montature Italiane', 4, 4567934, 457128, '674789SR');
INSERT INTO Proveedor VALUES (4, 'Lunettes Renoir', 3, 15788493, NULL, '5634860FR');
  
  
INSERT INTO Gafas VALUES (1, 'RayBan', 2.5, 1, 'Pasta', 'Negro', 'Transparente', 'Transparente', 230.99, 1);
INSERT INTO Gafas VALUES (2, 'Prada', 3, 1.5, 'Metálica', 'Gris', 'Marrón', 'Marrón', 170.50, 1);
INSERT INTO Gafas VALUES (3, 'Michael Kors', 3.5, 2.5, 'Flotante', 'oro', 'Transparente', 'Transparente', 200, 3);
INSERT INTO Gafas VALUES (4, 'Carrera', 5.5, 3, 'Metálica', 'Gris', 'Multicolor', 'Multicolor', 185.99, 4);
INSERT INTO Gafas VALUES (5, 'DKNY', 1.5, 2, 'Pasta', 'Verde', 'Transparente', 'Transparente', 215.70, 4); 

INSERT INTO Clientes VALUES (1,'Angela','Diaz', 5, 'ang.diaz@gmail.com', '2024-10-08', 3);
INSERT INTO Clientes VALUES (2, 'Edoardo', 'Ricci', 10, 'eddie1997@gmail.com', '2023-01-07', NULL);
INSERT INTO Clientes VALUES (3, 'Daniela', 'Barroso', 6, 'daniela.barroso@yahoo.com', '2024-06-08', NULL);
INSERT INTO Clientes VALUES (4, 'Héctor', 'Àlvarez', 8, 'hecal@gmail.com', '2024-02-05', 1);
INSERT INTO Clientes VALUES (5, 'Danou', 'Schweren', 9, 'danou.schw@hotmail.nl', '2023-02-28', 1);
INSERT INTO Clientes VALUES (6, 'César', 'Rivera', 7, 'cesar.rivera@gmail.com','2024-10-22', NULL);

INSERT INTO Empleado VALUES (1, 'Jesús', 'García');
INSERT INTO Empleado VALUES (2, 'Antonio', 'López');
INSERT INTO Empleado VALUES (3, 'Elena', 'Patiño');
INSERT INTO Empleado VALUES (4, 'María', 'Navarro');
INSERT INTO Empleado VALUES (5, 'Raúl', 'Hernández');

INSERT INTO Compra VALUES (2, 4, 1, '2024-05-02');
INSERT INTO Compra VALUES (1, 2, 1, '2023-01-07');
INSERT INTO Compra VALUES (5, 1, 4, '2024-08-12');
INSERT INTO Compra VALUES (3, 3, 5, '2024-06-09');

SET SQL_MODE=@OLD_SQL_MODE;
SET FOREIGN_KEY_CHECKS=@OLD_FOREIGN_KEY_CHECKS;
SET UNIQUE_CHECKS=@OLD_UNIQUE_CHECKS;